zhenghao            ;123                 ;Admin                    ;A0001     ;Lim Zheng Hao                 ;Male                ;zhenghao@gmail.com            ;No. 1, Jalan 2                                    ;Taman 3                                           ;31400 Ipoh, Perak                                 ;012-3456789    
zhenghao            ;456                 ;Sales Manager            ;SM001     ;Lim Zhen Hao                  ;Male                ;zhenghao@gmail.com            ;No. 1, Jalan 2                                    ;Taman 3                                           ;31400 Ipoh, Perak                                 ;012-3456789    
alvin               ;789                 ;Purchase Manager         ;-         ;Alvin Yap                     ;Male                ;alvin@yahoo.com               ;No. 2, Jalan 5                                    ;Taman 6                                           ;30400 Taiping, Perak                              ;011-10663136   
jeslyn              ;abc                 ;Inventory Manager        ;-         ;Jeslyn Loo                    ;Female              ;jeselyn@hotmail.com           ;No. 3, Jalan 9                                    ;Taman 7                                           ;50700 KL                                          ;018-8741868    
jeremy              ;def                 ;Finance Manager          ;-         ;Jeremy Huok                   ;Male                ;jeremy@icloud.com             ;No. 4, Jalan 10                                   ;Taman 8                                           ;11900 Bayan Lepas                                 ;012-3886312    
xingtung            ;qWerty123           ;Purchase Manager         ;-         ;Yong Xing Tung                ;Female              ;123456@poi.iu                 ;123                                               ;456                                               ;789                                               ;123456456      
lbr                 ;123456Ab            ;Admin                    ;A0002     ;LIm Beng                      ;Male                ;lbr@123.com                   ;fgh                                               ;asd                                               ;jkl                                               ;qwertyuyi      
beng                ;123abcD             ;Admin                    ;A0003     ;Mr beng                       ;Male                ;123@gmail.com                 ;qwe                                               ;qw                                                ;                                                  ;abc            
